,acc,f1
Real->Real,0.36347303852372764,0.3115466282465244
DeepSeek->Real,0.22570130636757949,0.16276289536583363
Real->DeepSeek,0.13239719157472418,0.09680765765336725
DeepSeek->DeepSeek,0.8087596121698428,0.8014941211776002
