,wasserstein_mean,ks_mean,Radiation-Temp_w,Wrist_Skin_Temperature_w,GSR_w,Ambient_Temperature_w,Ambient_Humidity_w,js_target,corr_diff
SDV-GaussianCopula,0.025868795800068217,0.11479999999999999,0.031155499984422245,0.03828066195421487,0.030029017068929305,0.014124799994350084,0.0157539999984246,0.5480849413585724,0.17014955120368258
SDV-CTGAN,0.08069673194429491,0.2611,0.08064599995967699,0.1390993028935552,0.06347095690689668,0.08875839996449665,0.0315089999968491,0.5093465986132069,0.053101514431183584
SDV-TVAE,0.009974301899551143,0.04364,0.007300999996349502,0.01841254352192936,0.014570965982245146,0.006031999997587202,0.003554999999644501,0.5549929345240814,0.16655952001268876
LLM-GReaT,0.1513225173229656,0.4668,0.047252499977673744,0.27362962297556215,0.2290636637080242,0.08588479996564607,0.12078199998792181,0.6313445586690244,0.48052287026607543
LLM-DeepSeek,0.14081402814344007,0.37552,0.1360309999394845,0.22539281500154398,0.09739722584559066,0.1515131999399547,0.09373589999062643,0.545832455656825,0.24367737061136552
