{
  "results": {
    "GaussianCopula": {
      "time": 3.915884256362915,
      "wasserstein": 0.7206902712814415,
      "ks": 0.21446428571428572,
      "js_divergence": 0.04635690687845543,
      "corr_diff": 0.22264544409565115,
      "target_diff": 0.006299999999999993,
      "tstr_f1": 0.6680853017243726,
      "tstr_acc": 0.616,
      "f1_vs_real": 66.80853017243726
    },
    "CTGAN": {
      "time": 550.0000960826874,
      "wasserstein": 0.3256678065543789,
      "ks": 0.1617142857142857,
      "js_divergence": 0.07526312736037247,
      "corr_diff": 0.14076973053295874,
      "target_diff": 0.0182,
      "tstr_f1": 1.0,
      "tstr_acc": 1.0,
      "f1_vs_real": 100.0
    },
    "TVAE": {
      "time": 118.02565360069275,
      "wasserstein": 0.18341305803722885,
      "ks": 0.096,
      "js_divergence": 0.0977458235922874,
      "corr_diff": 0.17049943394187872,
      "target_diff": 0.04259999999999999,
      "tstr_f1": 0.9950133718449413,
      "tstr_acc": 0.994,
      "f1_vs_real": 99.50133718449413
    }
  },
  "baseline_f1": 1.0,
  "baseline_acc": 1.0
}