Method,time,wasserstein,ks,js_divergence,corr_diff,target_diff,tstr_f1,tstr_acc,f1_vs_real
GaussianCopula,3.915884256362915,0.7206902712814415,0.21446428571428572,0.04635690687845543,0.22264544409565115,0.006299999999999993,0.6680853017243726,0.616,66.80853017243726
CTGAN,550.0000960826874,0.3256678065543789,0.1617142857142857,0.07526312736037247,0.14076973053295874,0.0182,1.0,1.0,100.0
TVAE,118.02565360069275,0.18341305803722885,0.096,0.0977458235922874,0.17049943394187872,0.04259999999999999,0.9950133718449413,0.994,99.50133718449413
